# ************************************************************
# Sequel Pro SQL dump
# Version 4541
#
# http://www.sequelpro.com/
# https://github.com/sequelpro/sequelpro
#
# Host: 127.0.0.1 (MySQL 5.5.5-10.0.21-MariaDB-1~jessie-log)
# Database: wantedly
# Generation Time: 2016-09-19 15:07:49 +0000
# ************************************************************


/*!40101 SET @OLD_CHARACTER_SET_CLIENT=@@CHARACTER_SET_CLIENT */;
/*!40101 SET @OLD_CHARACTER_SET_RESULTS=@@CHARACTER_SET_RESULTS */;
/*!40101 SET @OLD_COLLATION_CONNECTION=@@COLLATION_CONNECTION */;
/*!40101 SET NAMES utf8 */;
/*!40014 SET @OLD_FOREIGN_KEY_CHECKS=@@FOREIGN_KEY_CHECKS, FOREIGN_KEY_CHECKS=0 */;
/*!40101 SET @OLD_SQL_MODE=@@SQL_MODE, SQL_MODE='NO_AUTO_VALUE_ON_ZERO' */;
/*!40111 SET @OLD_SQL_NOTES=@@SQL_NOTES, SQL_NOTES=0 */;


# Dump of table skill
# ------------------------------------------------------------

DROP TABLE IF EXISTS `skill`;

CREATE TABLE `skill` (
  `id` bigint(20) unsigned NOT NULL AUTO_INCREMENT,
  `name` varchar(100) NOT NULL DEFAULT '',
  PRIMARY KEY (`id`),
  UNIQUE KEY `idx_name` (`name`)
) ENGINE=InnoDB DEFAULT CHARSET=utf8mb4;

LOCK TABLES `skill` WRITE;
/*!40000 ALTER TABLE `skill` DISABLE KEYS */;

INSERT INTO `skill` (`id`, `name`)
VALUES
	(60,'ActionScript 3'),
	(58,'Algebra'),
	(63,'Android'),
	(57,'C'),
	(56,'C#'),
	(55,'C++'),
	(49,'Compass'),
	(43,'Composer'),
	(45,'CSS3'),
	(51,'Foundation'),
	(59,'Git'),
	(39,'Go'),
	(44,'HTML5'),
	(62,'Java'),
	(46,'Javascript'),
	(47,'jQuery'),
	(65,'Linux'),
	(41,'MySQL'),
	(61,'Objective-C'),
	(38,'PHP'),
	(42,'PHPUnit'),
	(64,'QA'),
	(53,'React'),
	(54,'Redux'),
	(52,'Responsive websites'),
	(48,'SASS'),
	(40,'Symfony2'),
	(50,'Twitter Bootstrap');

/*!40000 ALTER TABLE `skill` ENABLE KEYS */;
UNLOCK TABLES;


# Dump of table user
# ------------------------------------------------------------

DROP TABLE IF EXISTS `user`;

CREATE TABLE `user` (
  `id` bigint(20) unsigned NOT NULL AUTO_INCREMENT,
  `email` varchar(255) NOT NULL,
  `name` varchar(255) NOT NULL,
  `password` binary(60) NOT NULL,
  PRIMARY KEY (`id`),
  UNIQUE KEY `email` (`email`)
) ENGINE=InnoDB DEFAULT CHARSET=utf8;

LOCK TABLES `user` WRITE;
/*!40000 ALTER TABLE `user` DISABLE KEYS */;

INSERT INTO `user` (`id`, `email`, `name`, `password`)
VALUES
	(1,'mail@antonve.be','Anton',X'243261243130244363494D4D612F302F774B6C4A5339303864504B717564394461517642364E7A56345A347964725A43767147597365463566644C4F'),
	(20,'henk@example.com','Henk',X'2432612431302474576353455061756B767844367974586C5A7A39432E6250517157317938776F36662F793441434A4A4D6D4C45695847506F705447'),
	(21,'brian@example.com','Brian',X'24326124313024375351354378336F374D6F7A4C4A42335068594F714F55462E784E2F453646566B656A7839306A69653647322F4E432F7A74546943'),
	(22,'patrick@example.com','Patrick',X'243261243130246D754B504751464B536A3068496F506D6162326C372E5852506C7144574669693853736D6F4D547865766A4B684955685A2F427136'),
	(23,'tanaka@example.com','田中',X'243261243130245149397A6134373845434C63797132384D486A4D6275506C6C712E4F704E4439464A6B37363071525273426D484458763173425465'),
	(24,'kim@example.com','김',X'24326124313024576C35556B5376734945305074386C33574B64734A2E2F39326533626A5179716154485555356E4673764F38422F69327A44785953'),
	(25,'john@example.com','John',X'2432612431302445663079716E6C327079374C367269527375526B572E4152652F5330322E655636757854495A7156374B6757346E6F6D4E43447075'),
	(26,'chen@example.com','Chen',X'243261243130247277756D564B69625A6E744C396363644D426D4B6C75426269754F567151584539634C4B4444765A5A463431684D36596968326971'),
	(27,'kelly@example.com','Kelly',X'2432612431302461754D7579352F6763344C637A634E786372495241653673386F3278536271637767596A4532494B7178552E446F5078725958352E'),
	(28,'sara@example.com','Sara',X'243261243130246372434A4A577971653650513048784D504B484F77756447644D70376663693268595A7A6A4262486E303457796746656D6849796D'),
	(29,'gilles@example.com','Gilles',X'2432612431302468756465396137383368574A7968526934745A73314F77394B687A594B476A76747371473066594A5476504E6D62444C3648477861'),
	(30,'jurgen@example.com','Jurgen',X'24326124313024775A34764137454C4A6B34514338344243656754482E37416D73684570716442653454396F7A747643414E383531697049556B4147');

/*!40000 ALTER TABLE `user` ENABLE KEYS */;
UNLOCK TABLES;


# Dump of table userSkill
# ------------------------------------------------------------

DROP TABLE IF EXISTS `userSkill`;

CREATE TABLE `userSkill` (
  `ownerUserId` bigint(20) unsigned NOT NULL,
  `addedUserId` bigint(20) unsigned NOT NULL,
  `skillId` bigint(20) NOT NULL,
  `hidden` tinyint(1) NOT NULL DEFAULT '0',
  `dateAdded` timestamp NOT NULL DEFAULT CURRENT_TIMESTAMP,
  `dateUpdated` timestamp NULL DEFAULT NULL,
  UNIQUE KEY `ownerUserId` (`ownerUserId`,`addedUserId`,`skillId`)
) ENGINE=InnoDB DEFAULT CHARSET=utf8mb4;

LOCK TABLES `userSkill` WRITE;
/*!40000 ALTER TABLE `userSkill` DISABLE KEYS */;

INSERT INTO `userSkill` (`ownerUserId`, `addedUserId`, `skillId`, `hidden`, `dateAdded`, `dateUpdated`)
VALUES
	(1,20,38,0,'2016-09-19 14:55:14',NULL),
	(1,20,39,0,'2016-09-19 14:55:16',NULL),
	(1,20,53,0,'2016-09-19 14:55:21',NULL),
	(1,20,54,0,'2016-09-19 14:55:22',NULL),
	(1,21,38,0,'2016-09-19 14:56:28',NULL),
	(1,22,38,0,'2016-09-19 14:55:37',NULL),
	(1,22,39,0,'2016-09-19 14:55:39',NULL),
	(1,23,38,0,'2016-09-19 14:54:35',NULL),
	(1,23,39,0,'2016-09-19 14:54:40',NULL),
	(1,23,53,0,'2016-09-19 14:54:44',NULL),
	(1,23,54,0,'2016-09-19 14:54:49',NULL),
	(1,24,38,0,'2016-09-19 14:54:02',NULL),
	(1,24,40,0,'2016-09-19 14:54:20',NULL),
	(1,24,48,0,'2016-09-19 14:54:15',NULL),
	(1,24,53,0,'2016-09-19 14:54:19',NULL),
	(1,24,54,0,'2016-09-19 14:54:20',NULL),
	(1,24,59,0,'2016-09-19 14:54:25',NULL),
	(1,25,38,0,'2016-09-19 14:56:06',NULL),
	(1,25,39,0,'2016-09-19 14:56:12',NULL),
	(1,26,38,0,'2016-09-19 14:49:02',NULL),
	(1,26,39,0,'2016-09-19 14:49:39',NULL),
	(1,26,40,0,'2016-09-19 14:49:49',NULL),
	(1,26,41,0,'2016-09-19 14:50:00',NULL),
	(1,26,42,0,'2016-09-19 14:50:09','2016-09-19 15:06:09'),
	(1,26,43,0,'2016-09-19 14:50:13',NULL),
	(1,26,44,0,'2016-09-19 14:50:19',NULL),
	(1,26,45,0,'2016-09-19 14:50:22',NULL),
	(1,26,46,0,'2016-09-19 14:50:28',NULL),
	(1,26,47,0,'2016-09-19 14:50:33',NULL),
	(1,26,48,0,'2016-09-19 14:51:05',NULL),
	(1,26,49,0,'2016-09-19 14:51:12',NULL),
	(1,26,50,0,'2016-09-19 14:51:20',NULL),
	(1,26,51,0,'2016-09-19 14:51:29',NULL),
	(1,26,52,0,'2016-09-19 14:51:37',NULL),
	(1,26,53,0,'2016-09-19 14:51:45',NULL),
	(1,26,54,0,'2016-09-19 14:51:48',NULL),
	(1,26,56,0,'2016-09-19 14:52:47',NULL),
	(1,26,57,0,'2016-09-19 14:52:36',NULL),
	(1,26,59,0,'2016-09-19 14:52:27',NULL),
	(1,26,60,0,'2016-09-19 14:53:00',NULL),
	(1,26,61,0,'2016-09-19 14:53:06',NULL),
	(1,26,62,0,'2016-09-19 14:53:11',NULL),
	(1,26,63,1,'2016-09-19 14:53:14',NULL),
	(1,27,38,0,'2016-09-19 14:57:24',NULL),
	(1,27,48,0,'2016-09-19 14:57:26',NULL),
	(1,28,38,0,'2016-09-19 14:57:55',NULL),
	(1,28,39,0,'2016-09-19 14:57:56',NULL),
	(1,28,43,0,'2016-09-19 14:58:01',NULL),
	(1,28,44,0,'2016-09-19 14:58:04',NULL),
	(1,28,47,0,'2016-09-19 14:58:07',NULL),
	(1,28,56,0,'2016-09-19 14:58:06',NULL),
	(1,29,38,0,'2016-09-19 14:59:34',NULL),
	(1,29,53,0,'2016-09-19 14:59:35',NULL),
	(1,29,54,0,'2016-09-19 14:59:35',NULL),
	(1,29,59,0,'2016-09-19 14:59:40',NULL),
	(1,30,38,0,'2016-09-19 14:59:57',NULL),
	(1,30,39,0,'2016-09-19 15:00:03',NULL),
	(1,30,48,0,'2016-09-19 14:59:59',NULL),
	(1,30,53,0,'2016-09-19 14:59:57',NULL),
	(21,21,47,0,'2016-09-19 14:56:45',NULL),
	(21,21,64,0,'2016-09-19 14:56:42',NULL),
	(26,1,55,0,'2016-09-19 14:53:35',NULL),
	(26,1,56,0,'2016-09-19 14:53:36',NULL),
	(26,1,57,0,'2016-09-19 14:53:41',NULL),
	(26,26,55,0,'2016-09-19 14:52:01',NULL),
	(26,26,56,0,'2016-09-19 14:52:05',NULL),
	(26,26,57,0,'2016-09-19 14:52:08',NULL),
	(26,26,58,0,'2016-09-19 14:52:14',NULL),
	(28,28,65,0,'2016-09-19 14:58:17',NULL);

/*!40000 ALTER TABLE `userSkill` ENABLE KEYS */;
UNLOCK TABLES;



/*!40111 SET SQL_NOTES=@OLD_SQL_NOTES */;
/*!40101 SET SQL_MODE=@OLD_SQL_MODE */;
/*!40014 SET FOREIGN_KEY_CHECKS=@OLD_FOREIGN_KEY_CHECKS */;
/*!40101 SET CHARACTER_SET_CLIENT=@OLD_CHARACTER_SET_CLIENT */;
/*!40101 SET CHARACTER_SET_RESULTS=@OLD_CHARACTER_SET_RESULTS */;
/*!40101 SET COLLATION_CONNECTION=@OLD_COLLATION_CONNECTION */;
